time,mean_G
0,0.0
1,0.0
2,0.0
3,0.0
4,0.0
5,0.0
6,0.0
7,0.0
8,0.002
9,0.002
10,0.004
11,0.006
12,0.01
13,0.012
14,0.016
15,0.016
16,0.016
17,0.02
18,0.022
19,0.026
20,0.032
21,0.034
22,0.04
23,0.044
24,0.048
25,0.05
26,0.052
27,0.058
28,0.07
29,0.076
30,0.084
31,0.102
32,0.114
33,0.124
34,0.138
35,0.148
36,0.154
37,0.164
38,0.186
39,0.204
40,0.23
41,0.246
42,0.266
43,0.302
44,0.33
45,0.352
46,0.382
47,0.402
48,0.426
49,0.426
50,0.446
51,0.484
52,0.512
53,0.534
54,0.552
55,0.558
56,0.586
57,0.63
58,0.65
59,0.668
60,0.7
61,0.73
62,0.776
63,0.802
64,0.836
65,0.858
66,0.906
67,0.952
68,1.004
69,1.038
70,1.072
71,1.124
72,1.148
73,1.17
74,1.212
75,1.244
76,1.288
77,1.336
78,1.382
79,1.402
80,1.438
81,1.474
82,1.538
83,1.6
84,1.656
85,1.706
86,1.732
87,1.794
88,1.84
89,1.882
90,1.928
91,1.95
92,1.988
93,2.036
94,2.068
95,2.082
96,2.12
97,2.2
98,2.25
99,2.288
100,2.334
101,2.374
102,2.424
103,2.474
104,2.558
105,2.624
106,2.668
107,2.728
108,2.756
109,2.816
110,2.876
111,2.93
112,3.006
113,3.052
114,3.104
115,3.176
116,3.24
117,3.302
118,3.366
119,3.444
120,3.496
121,3.538
122,3.574
123,3.636
124,3.708
125,3.766
126,3.818
127,3.872
128,3.956
129,4.046
130,4.082
131,4.152
132,4.21
133,4.288
134,4.35
135,4.416
136,4.502
137,4.586
138,4.642
139,4.694
140,4.724
141,4.766
142,4.828
143,4.9
144,5.022
145,5.078
146,5.172
147,5.23
148,5.318
149,5.348
150,5.436
151,5.526
152,5.606
153,5.662
154,5.73
155,5.802
156,5.896
157,5.944
158,6.002
159,6.084
160,6.15
161,6.196
162,6.238
163,6.28
164,6.334
165,6.416
166,6.468
167,6.512
168,6.6
169,6.66
170,6.744
171,6.806
172,6.902
173,6.932
174,7.004
175,7.082
176,7.186
177,7.242
178,7.354
179,7.426
180,7.512
181,7.612
182,7.732
183,7.8
184,7.906
185,7.998
186,8.1
187,8.216
188,8.296
189,8.428
190,8.496
191,8.582
192,8.702
193,8.774
194,8.834
195,8.87
196,8.932
197,8.986
198,9.042
199,9.116
200,9.212
201,9.278
202,9.338
203,9.42
204,9.514
205,9.586
206,9.654
207,9.714
208,9.828
209,9.946
210,9.994
211,10.086
212,10.186
213,10.26
214,10.374
215,10.452
216,10.558
217,10.624
218,10.7
219,10.812
220,10.894
221,10.956
222,11.06
223,11.132
224,11.252
225,11.34
226,11.402
227,11.478
228,11.574
229,11.692
230,11.796
231,11.898
232,11.992
233,12.074
234,12.132
235,12.258
236,12.356
237,12.436
238,12.552
239,12.656
240,12.72
241,12.806
242,12.962
243,13.084
244,13.238
245,13.27
246,13.356
247,13.406
248,13.456
249,13.554
250,13.628
251,13.682
252,13.762
253,13.824
254,13.898
255,13.932
256,14.016
257,14.122
258,14.232
259,14.344
260,14.44
261,14.514
262,14.648
263,14.754
264,14.878
265,14.938
266,15.052
267,15.156
268,15.29
269,15.404
270,15.524
271,15.638
272,15.696
273,15.8
274,15.904
275,16.004
276,16.064
277,16.14
278,16.186
279,16.238
280,16.308
281,16.424
282,16.504
283,16.57
284,16.646
285,16.718
286,16.818
287,16.908
288,16.984
289,17.084
290,17.148
291,17.282
292,17.354
293,17.418
294,17.514
295,17.588
296,17.686
297,17.702
298,17.84
299,17.962
300,18.026
301,18.092
302,18.234
303,18.346
304,18.422
305,18.512
306,18.656
307,18.778
308,18.85
309,18.948
310,18.986
311,19.092
312,19.226
313,19.312
314,19.366
315,19.47
316,19.586
317,19.686
318,19.792
319,19.846
320,19.956
321,20.056
322,20.142
323,20.312
324,20.364
325,20.422
326,20.516
327,20.562
328,20.68
329,20.766
330,20.918
331,21.006
332,21.142
333,21.23
334,21.384
335,21.478
336,21.536
337,21.654
338,21.752
339,21.844
340,21.954
341,22.066
342,22.16
343,22.248
344,22.364
345,22.476
346,22.556
347,22.598
348,22.69
349,22.818
350,22.9
351,22.946
352,23.048
353,23.178
354,23.274
355,23.37
356,23.464
357,23.536
358,23.686
359,23.816
360,23.822
361,23.924
362,24.068
363,24.122
364,24.196
365,24.318
366,24.406
367,24.456
368,24.596
369,24.706
370,24.838
371,24.876
372,25.014
373,25.138
374,25.266
375,25.342
376,25.448
377,25.614
378,25.756
379,25.814
380,25.874
381,25.958
382,26.098
383,26.17
384,26.25
385,26.382
386,26.454
387,26.534
388,26.656
389,26.794
390,26.88
391,26.94
392,27.056
393,27.102
394,27.228
395,27.276
396,27.356
397,27.432
398,27.574
399,27.662
400,27.788
401,27.872
402,27.968
403,28.076
404,28.156
405,28.228
406,28.332
407,28.398
408,28.482
409,28.568
410,28.618
411,28.734
412,28.862
413,28.924
414,28.962
415,29.064
416,29.09
417,29.222
418,29.312
419,29.354
420,29.47
421,29.584
422,29.622
423,29.658
424,29.732
425,29.774
426,29.83
427,29.856
428,29.908
429,29.898
430,29.934
431,30.016
432,30.078
433,30.132
434,30.22
435,30.31
436,30.378
437,30.486
438,30.63
439,30.668
440,30.736
441,30.832
442,30.874
443,30.966
444,30.954
445,31.024
446,31.128
447,31.196
448,31.25
449,31.4
450,31.438
451,31.482
452,31.614
453,31.686
454,31.758
455,31.82
456,31.866
457,31.92
458,31.972
459,32.06
460,32.082
461,32.17
462,32.246
463,32.354
464,32.504
465,32.608
466,32.634
467,32.666
468,32.724
469,32.79
470,32.83
471,32.842
472,32.956
473,33.048
474,33.14
475,33.192
476,33.218
477,33.286
478,33.334
479,33.436
480,33.516
481,33.592
482,33.668
483,33.78
484,33.834
485,33.902
486,34.0
487,34.076
488,34.12
489,34.182
490,34.23
491,34.304
492,34.368
493,34.356
494,34.44
495,34.448
496,34.44
497,34.548
498,34.56
499,34.604
500,34.668
501,34.776
502,34.85
503,34.894
504,34.986
505,34.986
506,34.944
507,35.012
508,35.1
509,35.168
510,35.206
511,35.288
512,35.262
513,35.372
514,35.416
515,35.474
516,35.514
517,35.548
518,35.604
519,35.654
520,35.656
521,35.75
522,35.834
523,35.888
524,35.948
525,35.996
526,36.056
527,36.11
528,36.194
529,36.208
530,36.242
531,36.38
532,36.45
533,36.536
534,36.656
535,36.732
536,36.828
537,36.906
538,37.03
539,37.036
540,37.09
541,37.18
542,37.236
543,37.296
544,37.32
545,37.354
546,37.42
547,37.468
548,37.554
549,37.61
550,37.64
551,37.624
552,37.652
553,37.614
554,37.68
555,37.768
556,37.776
557,37.792
558,37.936
559,37.992
560,38.076
561,38.15
562,38.136
563,38.212
564,38.252
565,38.254
566,38.312
567,38.296
568,38.298
569,38.3
570,38.366
571,38.454
572,38.572
573,38.668
574,38.778
575,38.862
576,38.966
577,39.048
578,39.052
579,39.132
580,39.166
581,39.216
582,39.282
583,39.28
584,39.228
585,39.24
586,39.284
587,39.304
588,39.32
589,39.414
590,39.454
591,39.496
592,39.538
593,39.624
594,39.622
595,39.686
596,39.72
597,39.794
598,39.886
599,39.964
600,40.012
601,40.086
602,40.094
603,40.102
604,40.122
605,40.16
606,40.254
607,40.234
608,40.27
609,40.332
610,40.328
611,40.402
612,40.446
613,40.508
614,40.516
615,40.564
616,40.576
617,40.642
618,40.708
619,40.764
620,40.83
621,40.908
622,40.954
623,40.892
624,40.93
625,40.906
626,40.946
627,40.96
628,41.066
629,41.106
630,41.136
631,41.21
632,41.288
633,41.258
634,41.364
635,41.412
636,41.49
637,41.508
638,41.62
639,41.578
640,41.758
641,41.81
642,41.874
643,41.972
644,42.012
645,42.044
646,42.076
647,42.102
648,42.208
649,42.268
650,42.268
651,42.402
652,42.488
653,42.51
654,42.61
655,42.608
656,42.568
657,42.52
658,42.57
659,42.646
660,42.624
661,42.706
662,42.784
663,42.848
664,42.91
665,42.926
666,42.966
667,43.034
668,43.084
669,43.088
670,43.172
671,43.214
672,43.218
673,43.16
674,43.186
675,43.21
676,43.198
677,43.166
678,43.186
679,43.246
680,43.28
681,43.336
682,43.298
683,43.336
684,43.402
685,43.514
686,43.512
687,43.588
688,43.602
689,43.634
690,43.62
691,43.614
692,43.644
693,43.642
694,43.68
695,43.68
696,43.68
697,43.714
698,43.808
699,43.856
700,43.84
701,43.814
702,43.846
703,43.84
704,43.854
705,43.892
706,43.898
707,43.968
708,44.002
709,44.082
710,44.152
711,44.158
712,44.076
713,44.06
714,44.054
715,44.062
716,44.106
717,44.188
718,44.176
719,44.194
720,44.15
721,44.194
722,44.222
723,44.22
724,44.27
725,44.246
726,44.35
727,44.386
728,44.424
729,44.548
730,44.57
731,44.562
732,44.546
733,44.608
734,44.63
735,44.694
736,44.688
737,44.716
738,44.702
739,44.674
740,44.664
741,44.74
742,44.714
743,44.768
744,44.712
745,44.696
746,44.712
747,44.794
748,44.816
749,44.82
750,44.78
751,44.844
752,44.84
753,44.718
754,44.726
755,44.76
756,44.81
757,44.766
758,44.762
759,44.724
760,44.756
761,44.808
762,44.8
763,44.828
764,44.862
765,44.892
766,44.862
767,44.972
768,44.988
769,44.968
770,45.03
771,45.102
772,45.164
773,45.174
774,45.184
775,45.172
776,45.202
777,45.268
778,45.252
779,45.286
780,45.296
781,45.408
782,45.464
783,45.53
784,45.486
785,45.514
786,45.482
787,45.556
788,45.534
789,45.602
790,45.63
791,45.7
792,45.68
793,45.642
794,45.64
795,45.724
796,45.778
797,45.776
798,45.812
799,45.812
800,45.776
801,45.822
802,45.882
803,45.992
804,46.028
805,46.066
806,46.058
807,46.104
808,46.154
809,46.162
810,46.204
811,46.236
812,46.288
813,46.318
814,46.306
815,46.356
816,46.418
817,46.512
818,46.578
819,46.588
820,46.532
821,46.552
822,46.556
823,46.526
824,46.56
825,46.578
826,46.608
827,46.584
828,46.636
829,46.646
830,46.65
831,46.636
832,46.648
833,46.698
834,46.682
835,46.664
836,46.662
837,46.688
838,46.668
839,46.724
840,46.686
841,46.8
842,46.848
843,46.894
844,46.854
845,46.89
846,46.838
847,46.868
848,46.906
849,46.832
850,46.852
851,46.84
852,46.844
853,46.878
854,46.876
855,46.994
856,47.04
857,47.098
858,47.126
859,47.154
860,47.172
861,47.248
862,47.254
863,47.246
864,47.252
865,47.212
866,47.136
867,47.12
868,47.126
869,47.152
870,47.142
871,47.172
872,47.27
873,47.312
874,47.252
875,47.328
876,47.32
877,47.28
878,47.31
879,47.372
880,47.35
881,47.346
882,47.382
883,47.348
884,47.358
885,47.374
886,47.346
887,47.386
888,47.456
889,47.45
890,47.414
891,47.432
892,47.408
893,47.43
894,47.518
895,47.522
896,47.56
897,47.518
898,47.506
899,47.48
900,47.484
901,47.472
902,47.5
903,47.538
904,47.592
905,47.632
906,47.67
907,47.71
908,47.684
909,47.742
910,47.834
911,47.85
912,47.906
913,47.842
914,47.86
915,47.914
916,48.008
917,48.046
918,48.0
919,48.026
920,48.034
921,47.99
922,47.998
923,48.014
924,48.01
925,47.998
926,47.996
927,48.006
928,48.034
929,48.06
930,48.09
931,48.118
932,48.226
933,48.248
934,48.254
935,48.308
936,48.302
937,48.316
938,48.24
939,48.162
940,48.068
941,48.084
942,48.074
943,48.078
944,48.076
945,48.082
946,47.982
947,47.964
948,47.992
949,48.042
950,48.048
951,47.986
952,47.968
953,48.028
954,48.04
955,48.08
956,48.046
957,48.006
958,47.978
959,47.992
960,48.08
961,48.104
962,48.156
963,48.108
964,48.15
965,48.11
966,48.122
967,48.116
968,48.144
969,48.174
970,48.21
971,48.21
972,48.184
973,48.21
974,48.186
975,48.186
976,48.238
977,48.242
978,48.312
979,48.396
980,48.338
981,48.32
982,48.344
983,48.372
984,48.47
985,48.452
986,48.424
987,48.474
988,48.432
989,48.462
990,48.502
991,48.54
992,48.468
993,48.44
994,48.428
995,48.394
996,48.384
997,48.384
998,48.314
999,48.278
1000,48.292
1001,48.336
1002,48.312
1003,48.34
1004,48.31
1005,48.312
1006,48.262
1007,48.206
1008,48.222
1009,48.138
1010,48.14
1011,48.134
1012,48.144
1013,48.184
1014,48.178
1015,48.25
1016,48.244
1017,48.286
1018,48.326
1019,48.3
1020,48.254
1021,48.232
1022,48.212
1023,48.242
1024,48.258
1025,48.24
1026,48.176
1027,48.176
1028,48.134
1029,48.208
1030,48.156
1031,48.2
1032,48.242
1033,48.238
1034,48.302
1035,48.318
1036,48.354
1037,48.348
1038,48.31
1039,48.352
1040,48.268
1041,48.272
1042,48.288
1043,48.236
1044,48.258
1045,48.22
1046,48.244
1047,48.212
1048,48.21
1049,48.248
1050,48.218
1051,48.232
1052,48.246
1053,48.178
1054,48.152
1055,48.216
1056,48.174
1057,48.234
1058,48.192
1059,48.168
1060,48.156
1061,48.17
1062,48.204
1063,48.196
1064,48.25
1065,48.274
1066,48.234
1067,48.24
1068,48.242
1069,48.272
1070,48.304
1071,48.266
1072,48.254
1073,48.28
1074,48.27
1075,48.29
1076,48.262
1077,48.268
1078,48.292
1079,48.376
1080,48.382
1081,48.382
1082,48.416
1083,48.426
1084,48.502
1085,48.514
1086,48.528
1087,48.524
1088,48.448
1089,48.408
1090,48.39
1091,48.346
1092,48.352
1093,48.342
1094,48.346
1095,48.37
1096,48.42
1097,48.392
1098,48.362
1099,48.364
1100,48.386
1101,48.424
1102,48.474
1103,48.434
1104,48.46
1105,48.42
1106,48.412
1107,48.382
1108,48.406
1109,48.402
1110,48.33
1111,48.346
1112,48.376
1113,48.406
1114,48.434
1115,48.42
1116,48.424
1117,48.51
1118,48.476
1119,48.484
1120,48.49
1121,48.494
1122,48.494
1123,48.444
1124,48.424
1125,48.402
1126,48.36
1127,48.356
1128,48.354
1129,48.422
1130,48.504
1131,48.5
1132,48.528
1133,48.528
1134,48.488
1135,48.45
1136,48.484
1137,48.468
1138,48.48
1139,48.524
1140,48.476
1141,48.506
1142,48.468
1143,48.484
1144,48.472
1145,48.494
1146,48.528
1147,48.63
1148,48.732
1149,48.78
1150,48.77
1151,48.722
1152,48.698
1153,48.73
1154,48.702
1155,48.774
1156,48.752
1157,48.754
1158,48.764
1159,48.828
1160,48.834
1161,48.814
1162,48.806
1163,48.83
1164,48.888
1165,48.85
1166,48.79
1167,48.816
1168,48.822
1169,48.854
1170,48.92
1171,48.944
1172,48.952
1173,48.996
1174,48.96
1175,48.942
1176,48.948
1177,48.92
1178,48.92
1179,48.926
1180,48.888
1181,48.894
1182,48.926
1183,48.926
1184,48.91
1185,48.936
1186,48.974
1187,48.94
1188,48.912
1189,48.896
1190,48.89
1191,48.976
1192,48.93
1193,48.944
1194,48.922
1195,48.926
1196,48.834
1197,48.792
1198,48.736
1199,48.746
1200,48.756
1201,48.762
1202,48.754
1203,48.71
1204,48.68
1205,48.672
1206,48.676
1207,48.686
1208,48.724
1209,48.75
1210,48.794
1211,48.848
1212,48.884
1213,48.856
1214,48.84
1215,48.858
1216,48.818
1217,48.848
1218,48.84
1219,48.878
1220,48.848
1221,48.832
1222,48.738
1223,48.75
1224,48.768
1225,48.678
1226,48.662
1227,48.674
1228,48.688
1229,48.712
1230,48.78
1231,48.87
1232,48.844
1233,48.802
1234,48.82
1235,48.884
1236,48.924
1237,48.882
1238,48.84
1239,48.816
1240,48.826
1241,48.774
1242,48.794
1243,48.78
1244,48.72
1245,48.776
1246,48.82
1247,48.854
1248,48.828
1249,48.84
1250,48.802
1251,48.764
1252,48.758
1253,48.692
1254,48.646
1255,48.672
1256,48.7
1257,48.764
1258,48.744
1259,48.734
1260,48.726
1261,48.694
1262,48.712
1263,48.738
1264,48.69
1265,48.668
1266,48.634
1267,48.75
1268,48.776
1269,48.762
1270,48.766
1271,48.776
1272,48.712
1273,48.76
1274,48.776
1275,48.786
1276,48.788
1277,48.774
1278,48.832
1279,48.884
1280,48.86
1281,48.766
1282,48.734
1283,48.738
1284,48.742
1285,48.652
1286,48.618
1287,48.61
1288,48.612
1289,48.662
1290,48.662
1291,48.692
1292,48.682
1293,48.64
1294,48.642
1295,48.646
1296,48.664
1297,48.614
1298,48.592
1299,48.528
1300,48.534
1301,48.532
1302,48.564
1303,48.592
1304,48.578
1305,48.594
1306,48.552
1307,48.564
1308,48.626
1309,48.602
1310,48.59
1311,48.674
1312,48.628
1313,48.56
1314,48.572
1315,48.504
1316,48.478
1317,48.462
1318,48.48
1319,48.492
1320,48.49
1321,48.462
1322,48.464
1323,48.378
1324,48.422
1325,48.398
1326,48.394
1327,48.45
1328,48.484
1329,48.49
1330,48.572
1331,48.53
1332,48.526
1333,48.514
1334,48.52
1335,48.528
1336,48.524
1337,48.536
1338,48.548
1339,48.564
1340,48.544
1341,48.53
1342,48.562
1343,48.566
1344,48.542
1345,48.48
1346,48.514
1347,48.456
1348,48.502
1349,48.51
1350,48.502
1351,48.44
1352,48.426
1353,48.38
1354,48.352
1355,48.388
1356,48.434
1357,48.428
1358,48.496
1359,48.48
1360,48.492
1361,48.444
1362,48.456
1363,48.454
1364,48.494
1365,48.526
1366,48.454
1367,48.5
1368,48.514
1369,48.45
1370,48.5
1371,48.59
1372,48.558
1373,48.54
1374,48.48
1375,48.524
1376,48.516
1377,48.432
1378,48.49
1379,48.432
1380,48.44
1381,48.428
1382,48.35
1383,48.332
1384,48.286
1385,48.28
1386,48.284
1387,48.286
1388,48.226
1389,48.244
1390,48.284
1391,48.206
1392,48.25
1393,48.232
1394,48.224
1395,48.202
1396,48.306
1397,48.324
1398,48.366
1399,48.39
1400,48.442
1401,48.374
1402,48.352
1403,48.46
1404,48.468
1405,48.492
1406,48.462
1407,48.52
1408,48.514
1409,48.536
1410,48.534
1411,48.496
1412,48.554
1413,48.556
1414,48.622
1415,48.584
1416,48.61
1417,48.704
1418,48.76
1419,48.756
1420,48.672
1421,48.698
1422,48.756
1423,48.764
1424,48.784
1425,48.884
1426,48.852
1427,48.87
1428,48.832
1429,48.814
1430,48.856
1431,48.878
1432,48.934
1433,48.908
1434,48.91
1435,48.952
1436,48.896
1437,48.848
1438,48.8
1439,48.796
1440,48.764
1441,48.688
1442,48.74
1443,48.724
1444,48.672
1445,48.67
1446,48.65
1447,48.782
1448,48.786
1449,48.784
1450,48.764
1451,48.804
1452,48.794
1453,48.84
1454,48.826
1455,48.852
1456,48.854
1457,48.784
1458,48.762
1459,48.75
1460,48.766
1461,48.724
1462,48.654
1463,48.654
1464,48.656
1465,48.644
1466,48.654
1467,48.688
1468,48.7
1469,48.702
1470,48.718
1471,48.77
1472,48.85
1473,48.818
1474,48.76
1475,48.712
1476,48.74
1477,48.744
1478,48.704
1479,48.668
1480,48.654
1481,48.688
1482,48.664
1483,48.688
1484,48.772
1485,48.682
1486,48.656
1487,48.648
1488,48.628
1489,48.626
1490,48.668
1491,48.644
1492,48.624
1493,48.686
1494,48.638
1495,48.604
1496,48.614
1497,48.506
1498,48.502
1499,48.482
1500,48.498
1501,48.482
1502,48.514
1503,48.532
1504,48.47
1505,48.476
1506,48.474
1507,48.43
1508,48.408
1509,48.44
1510,48.408
1511,48.38
1512,48.418
1513,48.378
1514,48.33
1515,48.344
1516,48.332
1517,48.41
1518,48.422
1519,48.392
1520,48.428
1521,48.438
1522,48.422
1523,48.482
1524,48.46
1525,48.48
1526,48.466
1527,48.542
1528,48.456
1529,48.422
1530,48.384
1531,48.33
1532,48.392
1533,48.454
1534,48.482
1535,48.506
1536,48.482
1537,48.572
1538,48.576
1539,48.616
1540,48.594
1541,48.576
1542,48.622
1543,48.652
1544,48.69
1545,48.59
1546,48.586
1547,48.642
1548,48.664
1549,48.698
1550,48.734
1551,48.748
1552,48.832
1553,48.834
1554,48.85
1555,48.79
1556,48.834
1557,48.876
1558,48.9
1559,48.93
1560,48.992
1561,48.93
1562,48.972
1563,49.02
1564,49.054
1565,49.07
1566,49.058
1567,48.988
1568,49.088
1569,49.076
1570,49.074
1571,49.118
1572,49.092
1573,49.158
1574,49.16
1575,49.134
1576,49.21
1577,49.266
1578,49.246
1579,49.258
1580,49.238
1581,49.198
1582,49.186
1583,49.166
1584,49.174
1585,49.2
1586,49.204
1587,49.196
1588,49.16
1589,49.16
1590,49.202
1591,49.15
1592,49.116
1593,49.102
1594,49.056
1595,49.072
1596,48.97
1597,48.938
1598,48.928
1599,48.954
1600,49.004
1601,49.06
1602,49.018
1603,49.018
1604,49.04
1605,49.052
1606,49.098
1607,49.034
1608,49.07
1609,49.074
1610,49.068
1611,49.028
1612,49.02
1613,49.01
1614,48.966
1615,48.968
1616,48.948
1617,48.952
1618,48.896
1619,48.9
1620,48.89
1621,48.902
1622,48.944
1623,48.92
1624,48.902
1625,48.92
1626,48.96
1627,48.988
1628,48.906
1629,48.928
1630,48.932
1631,48.93
1632,48.938
1633,49.026
1634,48.972
1635,48.896
1636,48.79
1637,48.808
1638,48.862
1639,48.91
1640,48.902
1641,48.92
1642,48.894
1643,48.954
1644,48.942
1645,48.912
1646,48.88
1647,48.87
1648,48.946
1649,49.008
1650,49.042
1651,49.094
1652,49.084
1653,49.086
1654,49.062
1655,48.984
1656,48.974
1657,48.952
1658,48.968
1659,48.972
1660,49.072
1661,49.086
1662,49.112
1663,49.12
1664,49.126
1665,49.062
1666,49.068
1667,49.094
1668,49.094
1669,49.172
1670,49.144
1671,49.172
1672,49.24
1673,49.216
1674,49.182
1675,49.164
1676,49.092
1677,49.072
1678,49.028
1679,49.084
1680,49.088
1681,49.11
1682,49.01
1683,49.03
1684,49.084
1685,49.072
1686,49.092
1687,49.148
1688,49.202
1689,49.138
1690,49.182
1691,49.108
1692,49.03
1693,49.12
1694,49.14
1695,49.13
1696,49.104
1697,49.094
1698,49.086
1699,49.142
1700,49.232
1701,49.23
1702,49.222
1703,49.178
1704,49.164
1705,49.184
1706,49.188
1707,49.228
1708,49.244
1709,49.186
1710,49.272
1711,49.214
1712,49.286
1713,49.26
1714,49.234
1715,49.202
1716,49.2
1717,49.24
1718,49.22
1719,49.224
1720,49.17
1721,49.144
1722,49.172
1723,49.226
1724,49.238
1725,49.238
1726,49.248
1727,49.194
1728,49.198
1729,49.25
1730,49.26
1731,49.242
1732,49.258
1733,49.258
1734,49.296
1735,49.288
1736,49.28
1737,49.362
1738,49.334
1739,49.344
1740,49.294
1741,49.328
1742,49.36
1743,49.41
1744,49.422
1745,49.468
1746,49.504
1747,49.526
1748,49.594
1749,49.482
1750,49.454
1751,49.426
1752,49.4
1753,49.386
1754,49.358
1755,49.36
1756,49.354
1757,49.276
1758,49.242
1759,49.3
1760,49.234
1761,49.3
1762,49.22
1763,49.178
1764,49.2
1765,49.208
1766,49.172
1767,49.19
1768,49.186
1769,49.068
1770,49.092
1771,49.044
1772,48.996
1773,48.902
1774,48.866
1775,48.856
1776,48.842
1777,48.896
1778,48.918
1779,48.932
1780,48.894
1781,48.952
1782,48.864
1783,48.884
1784,48.924
1785,48.978
1786,49.034
1787,48.972
1788,48.93
1789,48.946
1790,48.988
1791,48.946
1792,48.9
1793,48.924
1794,48.95
1795,48.978
1796,48.91
1797,48.894
1798,48.826
1799,48.916
1800,48.952
1801,48.936
1802,48.966
1803,48.972
1804,48.938
1805,48.962
1806,48.948
1807,48.956
1808,48.92
1809,48.926
1810,49.016
1811,48.988
1812,48.974
1813,49.03
1814,49.044
1815,49.064
1816,49.18
1817,49.082
1818,49.166
1819,49.2
1820,49.16
1821,49.132
1822,49.146
1823,49.148
1824,49.178
1825,49.274
1826,49.284
1827,49.306
1828,49.266
1829,49.304
1830,49.386
1831,49.31
1832,49.268
1833,49.258
1834,49.286
1835,49.298
1836,49.294
1837,49.332
1838,49.378
1839,49.41
1840,49.37
1841,49.4
1842,49.384
1843,49.398
1844,49.318
1845,49.294
1846,49.292
1847,49.232
1848,49.18
1849,49.116
1850,49.164
1851,49.106
1852,49.12
1853,49.102
1854,49.118
1855,49.044
1856,49.122
1857,49.108
1858,49.128
1859,49.13
1860,49.18
1861,49.104
1862,49.106
1863,49.086
1864,49.072
1865,49.058
1866,49.042
1867,49.088
1868,49.088
1869,49.1
1870,49.1
1871,49.034
1872,49.054
1873,48.984
1874,48.98
1875,49.082
1876,49.048
1877,49.052
1878,49.004
1879,48.976
1880,49.006
1881,48.982
1882,48.878
1883,48.908
1884,48.848
1885,48.928
1886,48.862
1887,48.82
1888,48.716
1889,48.77
1890,48.758
1891,48.788
1892,48.77
1893,48.836
1894,48.864
1895,48.856
1896,48.834
1897,48.812
1898,48.79
1899,48.85
1900,48.806
1901,48.82
1902,48.768
1903,48.82
1904,48.866
1905,48.878
1906,48.848
1907,48.79
1908,48.748
1909,48.754
1910,48.882
1911,48.908
1912,48.936
1913,48.848
1914,48.8
1915,48.772
1916,48.882
1917,48.818
1918,48.826
1919,48.806
1920,48.882
1921,48.87
1922,48.78
1923,48.756
1924,48.806
1925,48.742
1926,48.724
1927,48.734
1928,48.722
1929,48.714
1930,48.674
1931,48.716
1932,48.67
1933,48.666
1934,48.648
1935,48.646
1936,48.744
1937,48.71
1938,48.734
1939,48.72
1940,48.78
1941,48.654
1942,48.644
1943,48.624
1944,48.594
1945,48.618
1946,48.624
1947,48.554
1948,48.512
1949,48.564
1950,48.566
1951,48.6
1952,48.662
1953,48.648
1954,48.638
1955,48.64
1956,48.662
1957,48.686
1958,48.704
1959,48.732
1960,48.616
1961,48.556
1962,48.526
1963,48.668
1964,48.604
1965,48.56
1966,48.544
1967,48.578
1968,48.564
1969,48.588
1970,48.568
1971,48.56
1972,48.538
1973,48.546
1974,48.532
1975,48.536
1976,48.568
1977,48.51
1978,48.556
1979,48.636
1980,48.618
1981,48.604
1982,48.634
1983,48.576
1984,48.652
1985,48.712
1986,48.798
1987,48.8
1988,48.81
1989,48.858
1990,48.822
1991,48.868
1992,48.874
1993,48.86
1994,48.868
1995,48.876
1996,48.856
1997,48.788
1998,48.836
1999,48.824
2000,48.76
2001,48.82
2002,48.886
2003,48.832
2004,48.846
2005,48.732
2006,48.736
2007,48.718
2008,48.698
2009,48.692
2010,48.698
2011,48.716
2012,48.698
2013,48.662
2014,48.666
2015,48.74
2016,48.806
2017,48.838
2018,48.89
2019,48.898
2020,48.924
2021,48.978
2022,48.986
2023,48.924
2024,48.878
2025,48.928
2026,48.974
2027,48.958
2028,48.906
2029,48.966
2030,49.03
2031,49.046
2032,48.978
2033,48.978
2034,48.878
2035,48.864
2036,48.872
2037,48.88
2038,48.94
2039,48.944
2040,48.896
2041,48.928
2042,48.984
2043,48.964
2044,48.98
2045,48.956
2046,49.018
2047,49.082
2048,49.088
2049,49.002
2050,48.982
2051,48.964
2052,48.934
2053,48.974
2054,48.96
2055,48.952
2056,48.94
2057,48.998
2058,48.912
2059,48.96
2060,49.014
2061,48.986
2062,48.928
2063,49.008
2064,48.942
2065,48.846
2066,48.82
2067,48.808
2068,48.734
2069,48.694
2070,48.632
2071,48.718
2072,48.772
2073,48.772
2074,48.76
2075,48.76
2076,48.772
2077,48.708
2078,48.716
2079,48.816
2080,48.814
2081,48.806
2082,48.722
2083,48.688
2084,48.716
2085,48.67
2086,48.676
2087,48.76
2088,48.76
2089,48.71
2090,48.704
2091,48.666
2092,48.696
2093,48.716
2094,48.728
2095,48.694
2096,48.714
2097,48.736
2098,48.738
2099,48.854
2100,48.886
2101,48.904
2102,48.926
2103,48.922
2104,48.916
2105,48.896
2106,48.898
2107,48.914
2108,48.9
2109,48.89
2110,48.92
2111,48.95
2112,48.952
2113,48.924
2114,48.962
2115,48.988
2116,48.922
2117,49.0
2118,49.028
2119,49.032
2120,49.06
2121,49.018
2122,49.01
2123,49.036
2124,48.984
2125,49.018
2126,49.016
2127,49.096
2128,49.112
2129,49.098
2130,49.1
2131,49.08
2132,49.034
2133,48.972
2134,49.002
2135,48.908
2136,48.926
2137,48.92
2138,48.96
2139,48.98
2140,49.002
2141,48.964
2142,48.948
2143,48.918
2144,48.97
2145,48.908
2146,48.932
2147,48.866
2148,48.914
2149,48.92
2150,48.954
2151,48.864
2152,48.846
2153,48.858
2154,48.838
2155,48.81
2156,48.782
2157,48.632
2158,48.596
2159,48.602
2160,48.616
2161,48.67
2162,48.694
2163,48.778
2164,48.748
2165,48.706
2166,48.788
2167,48.776
2168,48.766
2169,48.776
2170,48.758
2171,48.798
2172,48.74
2173,48.742
2174,48.748
2175,48.728
2176,48.744
2177,48.782
2178,48.816
2179,48.85
2180,48.836
2181,48.78
2182,48.718
2183,48.734
2184,48.698
2185,48.654
2186,48.574
2187,48.61
2188,48.482
2189,48.458
2190,48.42
2191,48.486
2192,48.468
2193,48.546
2194,48.608
2195,48.636
2196,48.674
2197,48.712
2198,48.724
2199,48.74
2200,48.712
2201,48.666
2202,48.658
2203,48.738
2204,48.776
2205,48.74
2206,48.766
2207,48.754
2208,48.728
2209,48.75
2210,48.746
2211,48.818
2212,48.776
2213,48.884
2214,48.972
2215,49.018
2216,49.048
2217,49.052
2218,49.02
2219,49.026
2220,49.096
2221,49.084
2222,49.196
2223,49.28
2224,49.174
2225,49.136
2226,49.142
2227,49.21
2228,49.21
2229,49.158
2230,49.208
2231,49.282
2232,49.326
2233,49.336
2234,49.378
2235,49.396
2236,49.502
2237,49.516
2238,49.514
2239,49.472
2240,49.422
2241,49.4
2242,49.39
2243,49.386
2244,49.45
2245,49.38
2246,49.364
2247,49.382
2248,49.42
2249,49.488
2250,49.496
2251,49.538
2252,49.546
2253,49.544
2254,49.496
2255,49.45
2256,49.494
2257,49.48
2258,49.45
2259,49.452
2260,49.418
2261,49.35
2262,49.284
2263,49.314
2264,49.284
2265,49.3
2266,49.282
2267,49.334
2268,49.314
2269,49.268
2270,49.218
2271,49.2
2272,49.172
2273,49.152
2274,49.172
2275,49.106
2276,49.182
2277,49.168
2278,49.156
2279,49.128
2280,49.09
2281,49.146
2282,49.228
2283,49.208
2284,49.2
2285,49.276
2286,49.286
2287,49.33
2288,49.378
2289,49.426
2290,49.444
2291,49.512
2292,49.472
2293,49.522
2294,49.512
2295,49.496
2296,49.474
2297,49.408
2298,49.39
2299,49.326
2300,49.284
2301,49.33
2302,49.28
2303,49.3
2304,49.25
2305,49.19
2306,49.198
2307,49.13
2308,49.112
2309,49.15
2310,49.184
2311,49.128
2312,49.142
2313,49.126
2314,49.096
2315,49.046
2316,49.004
2317,48.996
2318,49.024
2319,49.1
2320,49.118
2321,49.042
2322,49.004
2323,48.964
2324,48.938
2325,48.998
2326,49.024
2327,49.038
2328,49.024
2329,49.006
2330,49.05
2331,49.042
2332,49.064
2333,49.048
2334,49.068
2335,49.116
2336,49.082
2337,49.022
2338,49.046
2339,49.018
2340,49.048
2341,49.018
2342,49.15
2343,49.106
2344,49.044
2345,49.014
2346,49.07
2347,49.086
2348,49.05
2349,49.07
2350,49.024
2351,48.938
2352,48.876
2353,48.89
2354,49.002
2355,48.984
2356,49.0
2357,48.916
2358,49.006
2359,48.97
2360,48.936
2361,48.876
2362,48.808
2363,48.836
2364,48.838
2365,48.746
2366,48.72
2367,48.758
2368,48.816
2369,48.86
2370,48.822
2371,48.864
2372,48.92
2373,48.872
2374,48.888
2375,48.922
2376,48.86
2377,48.836
2378,48.962
2379,49.008
2380,49.038
2381,49.102
2382,49.148
2383,49.096
2384,49.078
2385,49.072
2386,49.082
2387,49.076
2388,49.036
2389,49.038
2390,48.964
2391,48.988
2392,48.986
2393,48.92
2394,48.902
2395,48.892
2396,48.848
2397,48.782
2398,48.734
2399,48.736
2400,48.762
2401,48.788
2402,48.86
2403,48.82
2404,48.75
2405,48.814
2406,48.796
2407,48.764
2408,48.724
2409,48.742
2410,48.72
2411,48.706
2412,48.772
2413,48.742
2414,48.776
2415,48.672
2416,48.696
2417,48.726
2418,48.684
2419,48.646
2420,48.734
2421,48.818
2422,48.84
2423,48.856
2424,48.912
2425,48.874
2426,48.904
2427,48.872
2428,48.93
2429,48.986
2430,49.012
2431,48.988
2432,48.956
2433,48.98
2434,49.008
2435,48.996
2436,48.932
2437,48.964
2438,48.986
2439,48.954
2440,48.95
2441,48.984
2442,48.91
2443,48.984
2444,49.03
2445,49.018
2446,48.996
2447,49.048
2448,49.108
2449,49.048
2450,48.998
2451,48.97
2452,49.016
2453,48.996
2454,49.026
2455,49.026
2456,49.1
2457,49.122
2458,49.174
2459,49.144
2460,49.11
2461,49.09
2462,49.05
2463,49.09
2464,49.136
2465,49.192
2466,49.226
2467,49.26
2468,49.256
2469,49.276
2470,49.266
2471,49.256
2472,49.222
2473,49.19
2474,49.252
2475,49.258
2476,49.292
2477,49.274
2478,49.34
2479,49.348
2480,49.388
2481,49.43
2482,49.382
2483,49.432
2484,49.38
2485,49.376
2486,49.422
2487,49.426
2488,49.456
2489,49.42
2490,49.398
2491,49.372
2492,49.374
2493,49.33
2494,49.386
2495,49.314
2496,49.3
2497,49.276
2498,49.276
2499,49.232
2500,49.23
2501,49.168
2502,49.236
2503,49.282
2504,49.278
2505,49.316
2506,49.298
2507,49.236
2508,49.262
2509,49.242
2510,49.248
2511,49.204
2512,49.156
2513,49.1
2514,49.16
2515,49.064
2516,49.058
2517,49.066
2518,48.99
2519,49.0
2520,48.944
2521,48.976
2522,48.936
2523,48.9
2524,48.868
2525,48.876
2526,48.888
2527,48.84
2528,48.776
2529,48.908
2530,48.9
2531,48.926
2532,48.972
2533,49.016
2534,48.984
2535,48.916
2536,48.866
2537,48.878
2538,48.828
2539,48.89
2540,48.876
2541,48.872
2542,48.858
2543,48.808
2544,48.792
2545,48.808
2546,48.8
2547,48.786
2548,48.762
2549,48.808
2550,48.708
2551,48.742
2552,48.694
2553,48.676
2554,48.644
2555,48.716
2556,48.73
2557,48.746
2558,48.77
2559,48.75
2560,48.714
2561,48.696
2562,48.752
2563,48.726
2564,48.742
2565,48.824
2566,48.81
2567,48.85
2568,48.82
2569,48.764
2570,48.752
2571,48.784
2572,48.814
2573,48.822
2574,48.742
2575,48.768
2576,48.764
2577,48.748
2578,48.724
2579,48.706
2580,48.764
2581,48.778
2582,48.784
2583,48.83
2584,48.834
2585,48.842
2586,48.786
2587,48.762
2588,48.738
2589,48.63
2590,48.62
2591,48.606
2592,48.642
2593,48.686
2594,48.62
2595,48.678
2596,48.684
2597,48.684
2598,48.682
2599,48.732
2600,48.75
2601,48.8
2602,48.778
2603,48.834
2604,48.886
2605,48.84
2606,48.776
2607,48.76
2608,48.794
2609,48.764
2610,48.772
2611,48.77
2612,48.81
2613,48.81
2614,48.896
2615,48.94
2616,48.958
2617,48.938
2618,48.98
2619,48.952
2620,48.926
2621,48.964
2622,48.896
2623,48.97
2624,48.984
2625,49.008
2626,48.99
2627,49.048
2628,48.992
2629,49.068
2630,49.062
2631,49.026
2632,49.008
2633,49.056
2634,49.088
2635,49.084
2636,49.054
2637,49.082
2638,49.142
2639,49.128
2640,49.078
2641,49.08
2642,49.04
2643,49.066
2644,49.128
2645,49.104
2646,49.052
2647,49.06
2648,49.11
2649,49.108
2650,49.08
2651,49.038
2652,48.96
2653,48.936
2654,48.936
2655,48.998
2656,48.894
2657,48.898
2658,48.898
2659,48.982
2660,48.97
2661,48.94
2662,49.01
2663,48.994
2664,48.95
2665,48.902
2666,48.9
2667,48.88
2668,48.942
2669,48.928
2670,48.914
2671,48.916
2672,48.946
2673,49.012
2674,48.994
2675,48.942
2676,48.824
2677,48.828
2678,48.878
2679,48.876
2680,48.888
2681,48.846
2682,48.866
2683,48.898
2684,48.878
2685,48.834
2686,48.79
2687,48.822
2688,48.894
2689,48.848
2690,48.878
2691,48.866
2692,48.842
2693,48.91
2694,48.894
2695,48.868
2696,48.882
2697,48.876
2698,48.932
2699,48.924
2700,48.934
2701,48.888
2702,48.84
2703,48.782
2704,48.786
2705,48.81
2706,48.798
2707,48.82
2708,48.784
2709,48.872
2710,48.988
2711,48.952
2712,49.022
2713,49.012
2714,48.958
2715,49.05
2716,49.086
2717,49.074
2718,49.096
2719,49.07
2720,49.064
2721,49.04
2722,49.016
2723,48.974
2724,48.982
2725,48.982
2726,49.048
2727,49.042
2728,49.056
2729,49.092
2730,49.136
2731,49.136
2732,49.184
2733,49.138
2734,49.144
2735,49.116
2736,49.176
2737,49.212
2738,49.192
2739,49.202
2740,49.198
2741,49.256
2742,49.218
2743,49.196
2744,49.202
2745,49.23
2746,49.21
2747,49.174
2748,49.198
2749,49.21
2750,49.276
2751,49.26
2752,49.218
2753,49.212
2754,49.192
2755,49.186
2756,49.156
2757,49.128
2758,49.146
2759,49.112
2760,49.124
2761,49.106
2762,49.16
2763,49.18
2764,49.252
2765,49.268
2766,49.32
2767,49.272
2768,49.248
2769,49.278
2770,49.21
2771,49.148
2772,49.17
2773,49.138
2774,49.126
2775,49.02
2776,48.988
2777,48.898
2778,48.964
2779,48.926
2780,49.07
2781,49.04
2782,49.03
2783,49.0
2784,48.966
2785,48.96
2786,48.972
2787,49.008
2788,48.99
2789,49.05
2790,48.998
2791,48.978
2792,48.93
2793,48.95
2794,48.982
2795,48.966
2796,48.888
2797,48.898
2798,48.878
2799,48.87
2800,48.834
2801,48.764
2802,48.756
2803,48.746
2804,48.702
2805,48.76
2806,48.808
2807,48.794
2808,48.768
2809,48.706
2810,48.746
2811,48.792
2812,48.804
2813,48.774
2814,48.672
2815,48.71
2816,48.696
2817,48.648
2818,48.602
2819,48.602
2820,48.604
2821,48.618
2822,48.594
2823,48.594
2824,48.588
2825,48.616
2826,48.66
2827,48.65
2828,48.666
2829,48.586
2830,48.608
2831,48.528
2832,48.544
2833,48.56
2834,48.608
2835,48.598
2836,48.586
2837,48.546
2838,48.586
2839,48.556
2840,48.612
2841,48.59
2842,48.586
2843,48.554
2844,48.578
2845,48.6
2846,48.59
2847,48.5
2848,48.55
2849,48.564
2850,48.518
2851,48.522
2852,48.558
2853,48.546
2854,48.56
2855,48.584
2856,48.656
2857,48.632
2858,48.686
2859,48.706
2860,48.702
2861,48.684
2862,48.656
2863,48.63
2864,48.644
2865,48.566
2866,48.58
2867,48.632
2868,48.638
2869,48.562
2870,48.586
2871,48.58
2872,48.596
2873,48.578
2874,48.6
2875,48.548
2876,48.558
2877,48.574
2878,48.538
2879,48.584
2880,48.59
2881,48.676
2882,48.6
2883,48.58
2884,48.666
2885,48.67
2886,48.704
2887,48.708
2888,48.812
2889,48.786
2890,48.762
2891,48.788
2892,48.804
2893,48.9
2894,48.934
2895,48.928
2896,48.924
2897,49.05
2898,49.048
2899,49.038
2900,49.012
2901,48.952
2902,48.88
2903,48.868
2904,48.864
2905,48.856
2906,48.816
2907,48.754
2908,48.748
2909,48.82
2910,48.908
2911,48.892
2912,48.9
2913,48.956
2914,48.896
2915,48.908
2916,48.888
2917,48.87
2918,48.894
2919,48.844
2920,48.78
2921,48.842
2922,48.864
2923,48.808
2924,48.77
2925,48.79
2926,48.762
2927,48.734
2928,48.802
2929,48.882
2930,48.836
2931,48.846
2932,48.902
2933,48.966
2934,48.942
2935,48.952
2936,48.982
2937,48.962
2938,48.974
2939,48.974
2940,48.946
2941,48.952
2942,48.928
2943,48.938
2944,49.018
2945,49.1
2946,49.13
2947,49.108
2948,49.054
2949,49.03
2950,48.984
2951,49.02
2952,49.052
2953,49.028
2954,48.908
2955,48.896
2956,48.808
2957,48.778
2958,48.756
2959,48.73
2960,48.732
2961,48.788
2962,48.784
2963,48.754
2964,48.734
2965,48.716
2966,48.724
2967,48.786
2968,48.75
2969,48.71
2970,48.7
2971,48.658
2972,48.6
2973,48.574
2974,48.646
2975,48.666
2976,48.704
2977,48.724
2978,48.696
2979,48.638
2980,48.604
2981,48.544
2982,48.544
2983,48.592
2984,48.536
2985,48.536
2986,48.55
2987,48.508
2988,48.534
2989,48.608
2990,48.642
2991,48.758
2992,48.772
2993,48.758
2994,48.792
2995,48.81
2996,48.818
2997,48.82
2998,48.772
2999,48.762
3000,48.684
3001,48.736
3002,48.766
3003,48.806
3004,48.786
3005,48.788
3006,48.768
3007,48.736
3008,48.75
3009,48.808
3010,48.814
3011,48.806
3012,48.864
3013,48.83
3014,48.778
3015,48.816
3016,48.85
3017,48.864
3018,48.924
3019,48.846
3020,48.89
3021,48.944
3022,49.03
3023,49.04
3024,49.0
3025,48.982
3026,48.996
3027,48.986
3028,48.976
3029,48.986
3030,49.028
3031,49.03
3032,49.026
3033,49.076
3034,49.046
3035,49.022
3036,48.986
3037,48.964
3038,49.102
3039,49.084
3040,49.11
3041,49.082
3042,49.122
3043,49.116
3044,49.09
3045,49.046
3046,49.08
3047,49.094
3048,49.102
3049,49.138
3050,49.114
3051,49.086
3052,49.132
3053,49.11
3054,49.136
3055,49.168
3056,49.17
3057,49.154
3058,49.124
3059,49.094
3060,49.1
3061,49.116
3062,49.142
3063,49.164
3064,49.152
3065,49.104
3066,49.06
3067,49.002
3068,49.06
3069,49.064
3070,49.01
3071,48.972
3072,48.94
3073,48.95
3074,48.988
3075,49.03
3076,48.958
3077,48.948
3078,48.96
3079,48.97
3080,49.006
3081,48.948
3082,48.892
3083,48.902
3084,48.916
3085,48.904
3086,48.902
3087,48.886
3088,48.85
3089,48.814
3090,48.814
3091,48.776
3092,48.774
3093,48.726
3094,48.754
3095,48.728
3096,48.79
3097,48.808
3098,48.766
3099,48.74
3100,48.684
3101,48.734
3102,48.688
3103,48.708
3104,48.658
3105,48.732
3106,48.624
3107,48.61
3108,48.606
3109,48.63
3110,48.704
3111,48.746
3112,48.768
3113,48.75
3114,48.75
3115,48.764
3116,48.858
3117,48.83
3118,48.82
3119,48.83
3120,48.798
3121,48.768
3122,48.808
3123,48.802
3124,48.786
3125,48.796
3126,48.78
3127,48.86
3128,48.894
3129,48.884
3130,48.878
3131,48.896
3132,48.936
3133,49.004
3134,49.02
3135,49.048
3136,49.124
3137,49.14
3138,49.154
3139,49.206
3140,49.196
3141,49.236
3142,49.282
3143,49.302
3144,49.364
3145,49.326
3146,49.292
3147,49.308
3148,49.278
3149,49.256
3150,49.15
3151,49.072
3152,49.078
3153,49.136
3154,49.198
3155,49.254
3156,49.312
3157,49.374
3158,49.356
3159,49.362
3160,49.304
3161,49.282
3162,49.314
3163,49.346
3164,49.35
3165,49.364
3166,49.386
3167,49.436
3168,49.484
3169,49.434
3170,49.542
3171,49.508
3172,49.598
3173,49.608
3174,49.57
3175,49.536
3176,49.53
3177,49.516
3178,49.53
3179,49.522
3180,49.512
3181,49.518
3182,49.486
3183,49.548
3184,49.476
3185,49.462
3186,49.466
3187,49.476
3188,49.392
3189,49.408
3190,49.416
3191,49.38
3192,49.388
3193,49.364
3194,49.338
3195,49.312
3196,49.39
3197,49.324
3198,49.326
3199,49.32
3200,49.376
3201,49.376
3202,49.33
3203,49.276
3204,49.274
3205,49.286
3206,49.31
3207,49.242
3208,49.22
3209,49.244
3210,49.262
3211,49.27
3212,49.284
3213,49.334
3214,49.354
3215,49.332
3216,49.348
3217,49.296
3218,49.262
3219,49.326
3220,49.326
3221,49.308
3222,49.338
3223,49.28
3224,49.292
3225,49.254
3226,49.218
3227,49.214
3228,49.206
3229,49.186
3230,49.136
3231,49.198
3232,49.168
3233,49.186
3234,49.22
3235,49.176
3236,49.22
3237,49.194
3238,49.208
3239,49.156
3240,49.08
3241,49.09
3242,49.032
3243,48.97
3244,48.96
3245,48.954
3246,48.932
3247,48.864
3248,48.9
3249,48.95
3250,48.944
3251,48.932
3252,48.97
3253,48.916
3254,48.896
3255,48.904
3256,48.958
3257,48.908
3258,48.842
3259,48.848
3260,48.888
3261,48.868
3262,48.95
3263,48.892
3264,48.89
3265,48.966
3266,49.012
3267,49.016
3268,48.998
3269,48.978
3270,48.98
3271,48.932
3272,48.954
3273,48.928
3274,48.916
3275,48.938
3276,48.878
3277,48.83
3278,48.798
3279,48.76
3280,48.762
3281,48.692
3282,48.66
3283,48.586
3284,48.542
3285,48.518
3286,48.474
3287,48.456
3288,48.412
3289,48.37
3290,48.39
3291,48.414
3292,48.478
3293,48.388
3294,48.458
3295,48.462
3296,48.464
3297,48.43
3298,48.522
3299,48.49
3300,48.578
3301,48.498
3302,48.48
3303,48.526
3304,48.586
3305,48.566
3306,48.526
3307,48.534
3308,48.522
3309,48.542
3310,48.528
3311,48.536
3312,48.484
3313,48.384
3314,48.332
3315,48.406
3316,48.426
3317,48.362
3318,48.406
3319,48.46
3320,48.524
3321,48.466
3322,48.39
3323,48.494
3324,48.508
3325,48.502
3326,48.496
3327,48.49
3328,48.548
3329,48.522
3330,48.586
3331,48.582
3332,48.51
3333,48.524
3334,48.496
3335,48.426
3336,48.484
3337,48.526
3338,48.58
3339,48.572
3340,48.526
3341,48.51
3342,48.57
3343,48.52
3344,48.476
3345,48.55
3346,48.57
3347,48.638
3348,48.616
3349,48.63
3350,48.578
3351,48.56
3352,48.582
3353,48.57
3354,48.568
3355,48.64
3356,48.678
3357,48.634
3358,48.682
3359,48.688
3360,48.67
3361,48.764
3362,48.752
3363,48.686
3364,48.646
3365,48.644
3366,48.744
3367,48.812
3368,48.828
3369,48.84
3370,48.834
3371,48.816
3372,48.838
3373,48.85
3374,48.872
3375,48.882
3376,48.894
3377,48.814
3378,48.87
3379,48.834
3380,48.828
3381,48.778
3382,48.782
3383,48.8
3384,48.722
3385,48.672
3386,48.686
3387,48.69
3388,48.716
3389,48.696
3390,48.766
3391,48.726
3392,48.674
3393,48.632
3394,48.652
3395,48.59
3396,48.602
3397,48.656
3398,48.654
3399,48.62
3400,48.67
3401,48.714
3402,48.794
3403,48.842
3404,48.828
3405,48.848
3406,48.822
3407,48.83
3408,48.834
3409,48.824
3410,48.708
3411,48.738
3412,48.754
3413,48.846
3414,48.874
3415,48.818
3416,48.872
3417,48.91
3418,48.868
3419,48.82
3420,48.862
3421,48.862
3422,48.946
3423,48.92
3424,48.88
3425,48.862
3426,48.908
3427,48.864
3428,48.848
3429,48.824
3430,48.88
3431,48.89
3432,49.006
3433,48.938
3434,48.89
3435,48.862
3436,48.918
3437,48.936
3438,48.798
3439,48.84
3440,48.89
3441,48.874
3442,48.9
3443,48.888
3444,48.892
3445,48.964
3446,48.93
3447,48.948
3448,48.97
3449,48.984
3450,49.034
3451,49.016
3452,48.966
3453,48.912
3454,48.916
3455,48.88
3456,48.874
3457,48.888
3458,48.91
3459,48.958
3460,49.008
3461,48.914
3462,48.86
3463,48.888
3464,48.89
3465,48.942
3466,48.918
3467,48.894
3468,48.858
3469,48.784
3470,48.774
3471,48.774
3472,48.708
3473,48.726
3474,48.814
3475,48.8
3476,48.798
3477,48.83
3478,48.876
3479,48.872
3480,48.918
3481,48.94
3482,48.962
3483,48.934
3484,48.934
3485,48.958
3486,48.988
3487,48.938
3488,48.946
3489,48.974
3490,48.93
3491,48.92
3492,48.972
3493,48.884
3494,48.792
3495,48.784
3496,48.742
3497,48.748
3498,48.732
3499,48.766
3500,48.81
3501,48.872
3502,48.808
3503,48.8
3504,48.78
3505,48.79
3506,48.904
3507,48.908
3508,49.002
3509,48.944
3510,48.976
3511,49.0
3512,49.018
3513,49.0
3514,49.014
3515,49.022
3516,49.09
3517,49.184
3518,49.174
3519,49.21
3520,49.294
3521,49.322
3522,49.398
3523,49.32
3524,49.222
3525,49.224
3526,49.172
3527,49.15
3528,49.11
3529,49.104
3530,49.094
3531,49.184
3532,49.212
3533,49.296
3534,49.334
3535,49.286
3536,49.268
3537,49.248
3538,49.266
3539,49.25
3540,49.204
3541,49.218
3542,49.332
3543,49.36
3544,49.31
3545,49.298
3546,49.264
3547,49.254
3548,49.182
3549,49.128
3550,49.104
3551,49.122
3552,49.124
3553,49.132
3554,49.214
3555,49.246
3556,49.18
3557,49.194
3558,49.136
3559,49.172
3560,49.158
3561,49.156
3562,49.132
3563,49.092
3564,49.06
3565,49.108
3566,49.19
3567,49.136
3568,49.106
3569,49.076
3570,49.132
3571,49.164
3572,49.146
3573,49.054
3574,49.076
3575,49.04
3576,49.034
3577,49.03
3578,49.052
3579,49.022
3580,49.008
3581,49.014
3582,49.06
3583,49.052
3584,49.112
3585,49.148
3586,49.18
3587,49.218
3588,49.2
3589,49.162
3590,49.102
3591,49.056
3592,48.994
3593,49.032
3594,49.072
3595,49.052
3596,49.024
3597,49.094
3598,49.148
3599,49.216
3600,49.216
3601,49.234
3602,49.234
3603,49.186
3604,49.202
3605,49.134
3606,49.164
3607,49.14
3608,49.178
3609,49.126
3610,49.184
3611,49.212
3612,49.222
3613,49.208
3614,49.218
3615,49.186
3616,49.312
3617,49.354
3618,49.346
3619,49.342
3620,49.368
3621,49.394
3622,49.342
3623,49.386
3624,49.4
3625,49.39
3626,49.38
3627,49.346
3628,49.28
3629,49.19
3630,49.13
3631,49.226
3632,49.192
3633,49.248
3634,49.194
3635,49.188
3636,49.16
3637,49.138
3638,49.136
3639,49.152
3640,49.108
3641,49.106
3642,49.164
3643,49.146
3644,49.074
3645,49.098
3646,49.016
3647,49.02
3648,49.044
3649,49.128
3650,49.204
3651,49.184
3652,49.154
3653,49.124
3654,49.132
3655,49.098
3656,49.086
3657,49.042
3658,49.094
3659,48.994
3660,49.064
3661,49.09
3662,49.122
3663,49.142
3664,49.174
3665,49.162
3666,49.204
3667,49.152
3668,49.208
3669,49.176
3670,49.188
3671,49.212
3672,49.188
3673,49.25
3674,49.276
3675,49.208
3676,49.198
3677,49.128
3678,49.06
3679,49.166
3680,49.134
3681,49.074
3682,49.076
3683,49.06
3684,49.012
3685,49.024
3686,49.0
3687,49.018
3688,48.96
3689,48.956
3690,48.964
3691,48.94
3692,48.92
3693,48.972
3694,48.986
3695,49.074
3696,49.068
3697,49.02
3698,48.98
3699,48.998
3700,49.042
3701,49.06
3702,49.042
3703,49.05
3704,49.048
3705,49.006
3706,48.984
3707,49.042
3708,49.08
3709,49.1
3710,49.092
3711,49.064
3712,49.022
3713,49.06
3714,49.046
3715,49.096
3716,49.104
3717,49.014
3718,48.986
3719,48.94
3720,48.96
3721,48.946
3722,48.936
3723,48.97
3724,49.006
3725,48.96
3726,49.032
3727,49.038
3728,49.06
3729,49.076
3730,49.128
3731,49.078
3732,49.118
3733,49.156
3734,49.144
3735,49.074
3736,49.006
3737,49.004
3738,48.984
3739,49.024
3740,48.976
3741,48.932
3742,48.922
3743,49.026
3744,49.034
3745,49.06
3746,49.124
3747,49.116
3748,49.118
3749,49.13
3750,49.144
3751,49.16
3752,49.206
3753,49.126
3754,49.182
3755,49.196
3756,49.182
3757,49.144
3758,49.226
3759,49.222
3760,49.214
3761,49.202
3762,49.278
3763,49.316
3764,49.276
3765,49.218
3766,49.124
3767,49.144
3768,49.132
3769,49.146
3770,49.19
3771,49.252
3772,49.266
3773,49.326
3774,49.282
3775,49.26
3776,49.226
3777,49.28
3778,49.3
3779,49.24
3780,49.244
3781,49.232
3782,49.23
3783,49.228
3784,49.162
3785,49.256
3786,49.216
3787,49.134
3788,49.164
3789,49.098
3790,49.034
3791,48.946
3792,48.896
3793,48.906
3794,48.868
3795,48.87
3796,48.88
3797,48.94
3798,48.936
3799,48.88
3800,48.898
3801,48.85
3802,48.906
3803,48.934
3804,48.954
3805,48.93
3806,49.006
3807,48.968
3808,48.922
3809,48.878
3810,48.942
3811,48.954
3812,48.894
3813,48.92
3814,48.952
3815,48.92
3816,48.928
3817,48.896
3818,48.924
3819,48.898
3820,48.91
3821,48.876
3822,48.854
3823,48.882
3824,48.872
3825,48.918
3826,48.852
3827,48.884
3828,48.91
3829,49.004
3830,48.99
3831,48.964
3832,48.916
3833,48.94
3834,48.954
3835,48.96
3836,48.914
3837,48.83
3838,48.82
3839,48.812
3840,48.798
3841,48.762
3842,48.686
3843,48.758
3844,48.768
3845,48.734
3846,48.708
3847,48.758
3848,48.794
3849,48.776
3850,48.784
3851,48.758
3852,48.726
3853,48.684
3854,48.612
3855,48.58
3856,48.65
3857,48.662
3858,48.716
3859,48.726
3860,48.732
3861,48.726
3862,48.708
3863,48.704
3864,48.672
3865,48.664
3866,48.718
3867,48.706
3868,48.732
3869,48.732
3870,48.75
3871,48.722
3872,48.718
3873,48.694
3874,48.708
3875,48.736
3876,48.814
3877,48.772
3878,48.748
3879,48.752
3880,48.732
3881,48.76
3882,48.778
3883,48.734
3884,48.75
3885,48.694
3886,48.634
3887,48.676
3888,48.628
3889,48.654
3890,48.664
3891,48.662
3892,48.628
3893,48.632
3894,48.676
3895,48.634
3896,48.578
3897,48.578
3898,48.542
3899,48.6
3900,48.626
3901,48.542
3902,48.514
3903,48.6
3904,48.626
3905,48.524
3906,48.58
3907,48.608
3908,48.654
3909,48.602
3910,48.634
3911,48.658
3912,48.576
3913,48.552
3914,48.55
3915,48.524
3916,48.616
3917,48.628
3918,48.606
3919,48.642
3920,48.774
3921,48.774
3922,48.798
3923,48.784
3924,48.788
3925,48.87
3926,48.894
3927,48.912
3928,48.898
3929,48.898
3930,48.824
3931,48.75
3932,48.812
3933,48.766
3934,48.794
3935,48.838
3936,48.802
3937,48.866
3938,48.822
3939,48.854
3940,48.85
3941,48.948
3942,48.986
3943,48.858
3944,48.848
3945,48.882
3946,48.854
3947,48.912
3948,48.938
3949,48.932
3950,48.904
3951,48.848
3952,48.868
3953,48.848
3954,48.854
3955,48.862
3956,48.856
3957,48.882
3958,48.898
3959,48.984
3960,49.05
3961,49.04
3962,48.95
3963,48.936
3964,48.91
3965,48.924
3966,48.924
3967,48.894
3968,48.958
3969,48.882
3970,48.872
3971,48.95
3972,48.956
3973,48.978
3974,49.004
3975,48.946
3976,48.974
3977,49.022
3978,49.016
3979,48.92
3980,48.942
3981,48.912
3982,48.906
3983,48.888
3984,48.888
3985,48.962
3986,48.906
3987,48.896
3988,48.932
3989,48.99
3990,48.986
3991,48.966
3992,49.018
3993,49.042
3994,49.052
3995,49.012
3996,49.016
3997,49.072
3998,49.098
3999,49.07
4000,49.014
4001,49.014
4002,48.958
4003,48.93
4004,48.996
4005,49.024
4006,48.976
4007,49.01
4008,49.048
4009,49.03
4010,49.012
4011,49.074
4012,49.044
4013,49.056
4014,49.088
4015,49.074
4016,49.052
4017,49.114
4018,49.098
4019,49.142
4020,49.152
4021,49.178
4022,49.164
4023,49.194
4024,49.156
4025,49.176
4026,49.184
4027,49.168
4028,49.168
4029,49.192
4030,49.206
4031,49.294
4032,49.264
4033,49.27
4034,49.292
4035,49.268
4036,49.262
4037,49.318
4038,49.34
4039,49.388
4040,49.404
4041,49.382
4042,49.332
4043,49.37
4044,49.412
4045,49.422
4046,49.41
4047,49.358
4048,49.392
4049,49.384
4050,49.446
4051,49.448
4052,49.386
4053,49.364
4054,49.338
4055,49.338
4056,49.314
4057,49.38
4058,49.374
4059,49.356
4060,49.324
4061,49.288
4062,49.294
4063,49.208
4064,49.156
4065,49.128
4066,49.162
4067,49.178
4068,49.242
4069,49.278
4070,49.244
4071,49.252
4072,49.25
4073,49.23
4074,49.196
4075,49.148
4076,49.188
4077,49.152
4078,49.128
4079,49.094
4080,49.176
4081,49.22
4082,49.212
4083,49.196
4084,49.206
4085,49.182
4086,49.208
4087,49.172
4088,49.234
4089,49.186
4090,49.214
4091,49.192
4092,49.15
4093,49.146
4094,49.106
4095,49.134
4096,49.098
4097,49.116
4098,49.186
4099,49.252
4100,49.24
4101,49.312
4102,49.256
4103,49.258
4104,49.3
4105,49.256
4106,49.326
4107,49.276
4108,49.278
4109,49.276
4110,49.214
4111,49.292
4112,49.302
4113,49.308
4114,49.346
4115,49.306
4116,49.21
4117,49.194
4118,49.224
4119,49.28
4120,49.354
4121,49.336
4122,49.318
4123,49.35
4124,49.374
4125,49.356
4126,49.384
4127,49.374
4128,49.422
4129,49.436
4130,49.57
4131,49.568
4132,49.504
4133,49.458
4134,49.464
4135,49.498
4136,49.484
4137,49.522
4138,49.52
4139,49.502
4140,49.392
4141,49.418
4142,49.414
4143,49.428
4144,49.48
4145,49.434
4146,49.492
4147,49.54
4148,49.57
4149,49.594
4150,49.582
4151,49.572
4152,49.538
4153,49.522
4154,49.544
4155,49.576
4156,49.648
4157,49.672
4158,49.668
4159,49.698
4160,49.76
4161,49.764
4162,49.728
4163,49.734
4164,49.71
4165,49.74
4166,49.664
4167,49.724
4168,49.736
4169,49.714
4170,49.682
4171,49.638
4172,49.688
4173,49.672
4174,49.716
4175,49.678
4176,49.744
4177,49.664
4178,49.694
4179,49.628
4180,49.618
4181,49.686
4182,49.68
4183,49.758
4184,49.724
4185,49.676
4186,49.732
4187,49.788
4188,49.726
4189,49.666
4190,49.662
4191,49.632
4192,49.642
4193,49.672
4194,49.672
4195,49.644
4196,49.638
4197,49.538
4198,49.434
4199,49.418
4200,49.432
4201,49.48
4202,49.48
4203,49.52
4204,49.472
4205,49.438
4206,49.408
4207,49.452
4208,49.536
4209,49.562
4210,49.576
4211,49.56
4212,49.624
4213,49.662
4214,49.648
4215,49.562
4216,49.63
4217,49.622
4218,49.59
4219,49.58
4220,49.572
4221,49.552
4222,49.568
4223,49.632
4224,49.578
4225,49.572
4226,49.56
4227,49.612
4228,49.654
4229,49.652
4230,49.57
4231,49.51
4232,49.446
4233,49.43
4234,49.412
4235,49.438
4236,49.428
4237,49.372
4238,49.464
4239,49.464
4240,49.444
4241,49.468
4242,49.438
4243,49.484
4244,49.494
4245,49.534
4246,49.532
4247,49.556
4248,49.558
4249,49.534
4250,49.48
4251,49.542
4252,49.554
4253,49.576
4254,49.606
4255,49.594
4256,49.65
4257,49.606
4258,49.578
4259,49.594
4260,49.604
4261,49.59
4262,49.592
4263,49.59
4264,49.566
4265,49.542
4266,49.526
4267,49.53
4268,49.558
4269,49.596
4270,49.654
4271,49.626
4272,49.638
4273,49.594
4274,49.568
4275,49.574
4276,49.642
4277,49.686
4278,49.67
4279,49.676
4280,49.682
4281,49.674
4282,49.56
4283,49.59
4284,49.646
4285,49.614
4286,49.552
4287,49.61
4288,49.598
4289,49.562
4290,49.472
4291,49.494
4292,49.456
4293,49.376
4294,49.352
4295,49.35
4296,49.382
4297,49.328
4298,49.374
4299,49.366
4300,49.338
4301,49.386
4302,49.412
4303,49.444
4304,49.358
4305,49.406
4306,49.418
4307,49.34
4308,49.366
4309,49.486
4310,49.478
4311,49.496
4312,49.432
4313,49.538
4314,49.52
4315,49.514
4316,49.456
4317,49.504
4318,49.488
4319,49.534
4320,49.496
4321,49.508
4322,49.532
4323,49.49
4324,49.498
4325,49.488
4326,49.54
4327,49.556
4328,49.618
4329,49.572
4330,49.524
4331,49.546
4332,49.582
4333,49.556
4334,49.506
4335,49.472
4336,49.42
4337,49.446
4338,49.508
4339,49.588
4340,49.6
4341,49.606
4342,49.586
4343,49.602
4344,49.522
4345,49.508
4346,49.564
4347,49.606
4348,49.572
4349,49.5
4350,49.47
4351,49.438
4352,49.438
4353,49.484
4354,49.534
4355,49.572
4356,49.596
4357,49.636
4358,49.61
4359,49.702
4360,49.708
4361,49.788
4362,49.724
4363,49.666
4364,49.67
4365,49.66
4366,49.628
4367,49.642
4368,49.668
4369,49.626
4370,49.578
4371,49.584
4372,49.606
4373,49.594
4374,49.518
4375,49.532
4376,49.584
4377,49.58
4378,49.598
4379,49.618
4380,49.632
4381,49.64
4382,49.646
4383,49.752
4384,49.806
4385,49.812
4386,49.78
4387,49.826
4388,49.86
4389,49.73
4390,49.712
4391,49.702
4392,49.662
4393,49.658
4394,49.696
4395,49.794
4396,49.856
4397,49.92
4398,49.944
4399,49.886
4400,49.966
4401,50.042
4402,50.082
4403,50.076
4404,50.126
4405,50.058
4406,50.03
4407,49.992
4408,49.94
4409,49.928
4410,49.98
4411,49.92
4412,49.882
4413,49.934
4414,49.928
4415,49.968
4416,50.038
4417,50.042
4418,50.012
4419,49.988
4420,50.046
4421,50.054
4422,50.058
4423,50.016
4424,50.0
4425,49.966
4426,50.014
4427,49.948
4428,49.936
4429,49.914
4430,49.89
4431,49.852
4432,49.848
4433,49.848
4434,49.866
4435,49.894
4436,49.826
4437,49.766
4438,49.768
4439,49.8
4440,49.752
4441,49.81
4442,49.856
4443,49.844
4444,49.79
4445,49.788
4446,49.794
4447,49.78
4448,49.746
4449,49.744
4450,49.74
4451,49.73
4452,49.71
4453,49.72
4454,49.758
4455,49.762
4456,49.776
4457,49.772
4458,49.708
4459,49.626
4460,49.548
4461,49.576
4462,49.566
4463,49.648
4464,49.646
4465,49.628
4466,49.682
4467,49.648
4468,49.652
4469,49.596
4470,49.62
4471,49.652
4472,49.604
4473,49.502
4474,49.408
4475,49.37
4476,49.374
4477,49.34
4478,49.378
4479,49.4
4480,49.412
4481,49.462
4482,49.396
4483,49.41
4484,49.422
4485,49.422
4486,49.36
4487,49.37
4488,49.332
4489,49.3
4490,49.28
4491,49.438
4492,49.436
4493,49.518
4494,49.454
4495,49.4
4496,49.398
4497,49.47
4498,49.424
4499,49.398
4500,49.414
4501,49.418
4502,49.456
4503,49.428
4504,49.4
4505,49.374
4506,49.348
4507,49.286
4508,49.302
4509,49.27
4510,49.306
4511,49.316
4512,49.32
4513,49.348
4514,49.378
4515,49.346
4516,49.384
4517,49.3
4518,49.308
4519,49.334
4520,49.322
4521,49.262
4522,49.232
4523,49.216
4524,49.238
4525,49.244
4526,49.29
4527,49.302
4528,49.276
4529,49.296
4530,49.248
4531,49.2
4532,49.186
4533,49.14
4534,49.12
4535,49.008
4536,49.036
4537,49.024
4538,48.998
4539,49.004
4540,49.02
4541,49.018
4542,48.978
4543,48.942
4544,48.974
4545,48.982
4546,48.952
4547,49.002
4548,49.014
4549,49.004
4550,49.04
4551,48.994
4552,48.992
4553,48.94
4554,48.918
4555,48.978
4556,49.042
4557,49.03
4558,48.982
4559,48.946
4560,48.92
4561,48.958
4562,48.946
4563,48.922
4564,48.922
4565,48.94
4566,48.926
4567,48.97
4568,48.896
4569,48.946
4570,49.018
4571,49.098
4572,49.15
4573,49.064
4574,49.028
4575,49.034
4576,48.958
4577,48.966
4578,49.018
4579,48.916
4580,48.936
4581,48.942
4582,48.942
4583,48.972
4584,48.982
4585,49.002
4586,49.008
4587,49.082
4588,49.016
4589,49.028
4590,49.002
4591,48.968
4592,49.012
4593,49.04
4594,49.0
4595,49.016
4596,49.06
4597,49.048
4598,49.038
4599,48.99
4600,49.006
4601,49.044
4602,48.958
4603,48.958
4604,48.924
4605,48.934
4606,48.934
4607,48.928
4608,48.99
4609,49.016
4610,49.066
4611,49.03
4612,48.982
4613,48.99
4614,48.878
4615,48.888
4616,48.868
4617,48.982
4618,49.032
4619,48.932
4620,48.93
4621,48.9
4622,48.868
4623,48.86
4624,48.742
4625,48.772
4626,48.654
4627,48.662
4628,48.686
4629,48.776
4630,48.818
4631,48.918
4632,48.938
4633,48.924
4634,48.988
4635,49.0
4636,49.034
4637,49.018
4638,49.07
4639,49.02
4640,49.02
4641,49.054
4642,49.088
4643,49.068
4644,49.088
4645,49.164
4646,49.142
4647,49.114
4648,49.07
4649,49.086
4650,49.028
4651,49.106
4652,49.118
4653,49.164
4654,49.112
4655,49.182
4656,49.162
4657,49.178
4658,49.202
4659,49.19
4660,49.16
4661,49.188
4662,49.2
4663,49.122
4664,49.136
4665,49.172
4666,49.184
4667,49.224
4668,49.244
4669,49.196
4670,49.162
4671,49.104
4672,49.158
4673,49.092
4674,49.09
4675,48.988
4676,48.996
4677,49.022
4678,48.992
4679,48.988
4680,48.982
4681,48.998
4682,48.982
4683,49.062
4684,49.128
4685,49.086
4686,49.112
4687,49.142
4688,49.168
4689,49.034
4690,49.12
4691,49.166
4692,49.158
4693,49.14
4694,49.098
4695,49.138
4696,49.182
4697,49.19
4698,49.126
4699,49.132
4700,49.124
4701,49.188
4702,49.136
4703,49.15
4704,49.098
4705,49.034
4706,49.068
4707,49.056
4708,49.072
4709,49.066
4710,49.102
4711,49.226
4712,49.23
4713,49.254
4714,49.244
4715,49.272
4716,49.188
4717,49.232
4718,49.214
4719,49.286
4720,49.318
4721,49.33
4722,49.334
4723,49.326
4724,49.278
4725,49.17
4726,49.18
4727,49.208
4728,49.164
4729,49.072
4730,49.164
4731,49.086
4732,49.024
4733,48.978
4734,49.04
4735,49.02
4736,49.024
4737,49.056
4738,49.088
4739,49.11
4740,49.116
4741,49.064
4742,48.938
4743,48.976
4744,48.968
4745,48.962
4746,48.904
4747,48.92
4748,48.92
4749,48.95
4750,48.96
4751,48.956
4752,48.996
4753,49.032
4754,49.006
4755,49.012
4756,48.996
4757,49.034
4758,49.052
4759,49.006
4760,48.98
4761,49.018
4762,48.992
4763,48.984
4764,49.04
4765,49.016
4766,48.98
4767,48.948
4768,48.948
4769,48.976
4770,48.994
4771,48.954
4772,48.984
4773,48.976
4774,48.984
4775,48.914
4776,48.814
4777,48.806
4778,48.854
4779,48.818
4780,48.79
4781,48.804
4782,48.78
4783,48.73
4784,48.72
4785,48.758
4786,48.812
4787,48.804
4788,48.822
4789,48.862
4790,48.898
4791,48.89
4792,48.972
4793,48.938
4794,49.0
4795,49.01
4796,49.06
4797,49.048
4798,49.058
4799,48.978
4800,48.982
4801,49.022
4802,49.022
4803,49.012
4804,48.976
4805,48.962
4806,48.946
4807,48.952
4808,48.998
4809,48.98
4810,48.946
4811,48.994
4812,48.892
4813,48.916
4814,48.926
4815,48.878
4816,48.928
4817,48.834
4818,48.838
4819,48.824
4820,48.786
4821,48.856
4822,48.972
4823,49.04
4824,49.016
4825,48.966
4826,49.044
4827,49.046
4828,49.066
4829,49.042
4830,49.03
4831,49.028
4832,49.016
4833,49.002
4834,48.986
4835,48.99
4836,49.068
4837,49.0
4838,48.974
4839,49.002
4840,48.93
4841,48.942
4842,48.968
4843,49.002
4844,48.98
4845,48.986
4846,49.008
4847,49.116
4848,49.072
4849,48.984
4850,48.926
4851,48.948
4852,48.964
4853,48.902
4854,48.98
4855,48.942
4856,48.974
4857,49.002
4858,48.952
4859,48.966
4860,48.988
4861,48.988
4862,48.96
4863,48.932
4864,48.924
4865,48.858
4866,48.832
4867,48.828
4868,48.798
4869,48.786
4870,48.852
4871,48.846
4872,48.81
4873,48.774
4874,48.822
4875,48.832
4876,48.76
4877,48.8
4878,48.816
4879,48.858
4880,48.766
4881,48.85
4882,48.832
4883,48.886
4884,48.98
4885,49.004
4886,49.068
4887,49.012
4888,49.066
4889,49.094
4890,49.066
4891,49.118
4892,49.112
4893,49.15
4894,49.146
4895,49.118
4896,49.162
4897,49.176
4898,49.172
4899,49.16
4900,49.192
4901,49.224
4902,49.154
4903,49.204
4904,49.216
4905,49.176
4906,49.196
4907,49.222
4908,49.206
4909,49.182
4910,49.196
4911,49.238
4912,49.23
4913,49.29
4914,49.332
4915,49.318
4916,49.328
4917,49.238
4918,49.234
4919,49.162
4920,49.084
4921,49.09
4922,49.078
4923,49.156
4924,49.148
4925,49.218
4926,49.198
4927,49.216
4928,49.254
4929,49.202
4930,49.2
4931,49.202
4932,49.204
4933,49.186
4934,49.172
4935,49.158
4936,49.12
4937,49.142
4938,49.152
4939,49.15
4940,49.128
4941,49.178
4942,49.124
4943,49.052
4944,49.092
4945,49.09
4946,49.138
4947,49.182
4948,49.15
4949,49.104
4950,49.102
4951,49.024
4952,48.992
4953,48.938
4954,48.926
4955,48.934
4956,48.916
4957,48.966
4958,48.976
4959,48.96
4960,48.93
4961,48.928
4962,48.928
4963,48.934
4964,48.926
4965,48.922
4966,48.884
4967,48.854
4968,48.906
4969,48.928
4970,48.968
4971,49.024
4972,49.012
4973,49.002
4974,49.006
4975,48.954
4976,48.98
4977,48.916
4978,48.91
4979,48.876
4980,48.902
4981,49.006
4982,48.946
4983,48.868
4984,48.896
4985,48.97
4986,48.978
4987,48.972
4988,48.986
4989,48.962
4990,49.054
4991,49.058
4992,49.038
4993,49.028
4994,49.058
4995,49.068
4996,49.116
4997,49.134
4998,49.168
4999,49.108
5000,49.118
5001,49.098
5002,49.138
5003,49.168
5004,49.158
5005,49.11
5006,49.124
5007,49.138
5008,49.128
5009,49.186
5010,49.226
5011,49.188
5012,49.176
5013,49.17
5014,49.266
5015,49.182
5016,49.144
5017,49.08
5018,49.17
5019,49.254
5020,49.238
5021,49.226
5022,49.224
5023,49.206
5024,49.272
5025,49.234
5026,49.25
5027,49.206
5028,49.248
5029,49.264
5030,49.276
5031,49.334
5032,49.31
5033,49.326
5034,49.372
5035,49.442
5036,49.43
5037,49.402
5038,49.488
5039,49.44
5040,49.486
5041,49.482
5042,49.442
5043,49.46
5044,49.49
5045,49.48
5046,49.518
5047,49.498
5048,49.578
5049,49.564
5050,49.512
5051,49.512
5052,49.538
5053,49.562
5054,49.5
5055,49.466
5056,49.512
5057,49.43
5058,49.492
5059,49.468
5060,49.526
5061,49.542
5062,49.572
5063,49.506
5064,49.526
5065,49.518
5066,49.544
5067,49.546
5068,49.47
5069,49.544
5070,49.634
5071,49.654
5072,49.596
5073,49.66
5074,49.662
5075,49.664
5076,49.608
5077,49.616
5078,49.574
5079,49.586
5080,49.596
5081,49.624
5082,49.664
5083,49.726
5084,49.684
5085,49.69
5086,49.722
5087,49.736
5088,49.716
5089,49.662
5090,49.626
5091,49.626
5092,49.626
5093,49.634
5094,49.664
5095,49.648
5096,49.63
5097,49.59
5098,49.54
5099,49.514
5100,49.556
5101,49.552
5102,49.516
5103,49.498
5104,49.49
5105,49.402
5106,49.404
5107,49.362
5108,49.368
5109,49.348
5110,49.42
5111,49.396
5112,49.376
5113,49.338
5114,49.394
5115,49.368
5116,49.394
5117,49.434
5118,49.432
5119,49.492
5120,49.432
5121,49.48
5122,49.478
5123,49.5
5124,49.534
5125,49.534
5126,49.59
5127,49.562
5128,49.55
5129,49.554
5130,49.552
5131,49.508
5132,49.514
5133,49.494
5134,49.478
5135,49.518
5136,49.444
5137,49.472
5138,49.496
5139,49.504
5140,49.486
5141,49.468
5142,49.508
5143,49.522
5144,49.478
5145,49.478
5146,49.472
5147,49.49
5148,49.394
5149,49.404
5150,49.422
5151,49.454
5152,49.418
5153,49.422
5154,49.416
5155,49.442
5156,49.454
5157,49.432
5158,49.43
5159,49.436
5160,49.454
5161,49.46
5162,49.448
5163,49.452
5164,49.48
5165,49.464
5166,49.514
5167,49.528
5168,49.524
5169,49.514
5170,49.536
5171,49.466
5172,49.46
5173,49.452
5174,49.432
5175,49.336
5176,49.288
5177,49.392
5178,49.426
5179,49.444
5180,49.446
5181,49.446
5182,49.476
5183,49.442
5184,49.412
5185,49.45
5186,49.414
5187,49.434
5188,49.436
5189,49.506
5190,49.538
5191,49.6
5192,49.596
5193,49.52
5194,49.494
5195,49.47
5196,49.434
5197,49.456
5198,49.478
5199,49.484
5200,49.526
5201,49.5
5202,49.472
5203,49.478
5204,49.5
5205,49.524
5206,49.59
5207,49.544
5208,49.578
5209,49.586
5210,49.624
5211,49.598
5212,49.536
5213,49.52
5214,49.522
5215,49.466
5216,49.47
5217,49.458
5218,49.504
5219,49.472
5220,49.59
5221,49.538
5222,49.444
5223,49.464
5224,49.516
5225,49.392
5226,49.418
5227,49.41
5228,49.4
5229,49.452
5230,49.418
5231,49.32
5232,49.322
5233,49.368
5234,49.334
5235,49.324
5236,49.352
5237,49.468
5238,49.444
5239,49.424
5240,49.39
5241,49.418
5242,49.472
5243,49.364
5244,49.376
5245,49.302
5246,49.3
5247,49.378
5248,49.408
5249,49.322
5250,49.348
5251,49.38
5252,49.382
5253,49.406
5254,49.402
5255,49.456
5256,49.486
5257,49.438
5258,49.428
5259,49.448
5260,49.314
5261,49.312
5262,49.308
5263,49.33
5264,49.41
5265,49.438
5266,49.404
5267,49.374
5268,49.3
5269,49.312
5270,49.256
5271,49.206
5272,49.164
5273,49.17
5274,49.19
5275,49.256
5276,49.238
5277,49.23
5278,49.258
5279,49.258
5280,49.332
5281,49.33
5282,49.382
5283,49.362
5284,49.402
5285,49.46
5286,49.458
5287,49.422
5288,49.348
5289,49.402
5290,49.384
5291,49.348
5292,49.332
5293,49.27
5294,49.278
5295,49.208
5296,49.234
5297,49.206
5298,49.208
5299,49.226
5300,49.198
5301,49.162
5302,49.196
5303,49.194
5304,49.208
5305,49.132
5306,49.092
5307,49.012
5308,49.018
5309,49.084
5310,49.06
5311,49.094
5312,49.074
5313,49.09
5314,49.078
5315,49.15
5316,49.092
5317,49.124
5318,49.116
5319,49.192
5320,49.15
5321,49.174
5322,49.19
5323,49.152
5324,49.25
5325,49.292
5326,49.312
5327,49.26
5328,49.224
5329,49.276
5330,49.252
5331,49.346
5332,49.21
5333,49.212
5334,49.126
5335,49.042
5336,49.082
5337,49.162
5338,49.184
5339,49.114
5340,49.078
5341,49.092
5342,49.034
5343,49.044
5344,49.02
5345,49.068
5346,48.982
5347,49.028
5348,49.026
5349,49.056
5350,49.088
5351,49.11
5352,49.098
5353,49.1
5354,49.106
5355,49.054
5356,49.11
5357,49.2
5358,49.206
5359,49.21
5360,49.178
5361,49.154
5362,49.154
5363,49.096
5364,49.058
5365,49.102
5366,49.056
5367,49.082
5368,49.138
5369,49.152
5370,49.252
5371,49.242
5372,49.184
5373,49.108
5374,49.098
5375,49.104
5376,49.076
5377,49.086
5378,49.002
5379,49.01
5380,49.01
5381,48.962
5382,49.072
5383,49.02
5384,49.094
5385,49.006
5386,48.954
5387,48.914
5388,48.896
5389,48.856
5390,48.822
5391,48.892
5392,48.898
5393,48.9
5394,48.884
5395,48.832
5396,48.868
5397,48.802
5398,48.784
5399,48.742
5400,48.818
5401,48.81
5402,48.726
5403,48.748
5404,48.744
5405,48.744
5406,48.808
5407,48.774
5408,48.87
5409,48.848
5410,48.852
5411,48.85
5412,48.984
5413,48.976
5414,49.04
5415,49.036
5416,49.052
5417,49.048
5418,49.058
5419,49.054
5420,49.02
5421,48.96
5422,48.98
5423,49.042
5424,49.004
5425,49.052
5426,49.052
5427,49.018
5428,48.936
5429,48.83
5430,48.87
5431,48.954
5432,48.918
5433,48.904
5434,48.794
5435,48.87
5436,48.816
5437,48.856
5438,48.808
5439,48.836
5440,48.864
5441,48.882
5442,48.858
5443,48.882
5444,48.946
5445,49.004
5446,49.118
5447,49.2
5448,49.272
5449,49.378
5450,49.382
5451,49.432
5452,49.394
5453,49.38
5454,49.338
5455,49.22
5456,49.302
5457,49.276
5458,49.244
5459,49.296
5460,49.288
5461,49.214
5462,49.17
5463,49.176
5464,49.194
5465,49.13
5466,49.13
5467,49.122
5468,49.032
5469,49.076
5470,49.106
5471,49.008
5472,49.078
5473,49.078
5474,49.1
5475,49.074
5476,49.118
5477,49.076
5478,49.158
5479,49.236
5480,49.232
5481,49.216
5482,49.224
5483,49.114
5484,49.034
5485,48.976
5486,48.982
5487,49.002
5488,48.956
5489,48.876
5490,48.918
5491,48.87
5492,48.92
5493,48.918
5494,48.994
5495,49.042
5496,49.008
5497,49.062
5498,49.156
5499,49.186
5500,49.14
5501,49.02
5502,49.052
5503,49.014
5504,49.02
5505,49.09
5506,49.156
5507,49.12
5508,49.142
5509,49.142
5510,49.154
5511,49.218
5512,49.246
5513,49.244
5514,49.196
5515,49.21
5516,49.222
5517,49.238
5518,49.306
5519,49.324
5520,49.298
5521,49.3
5522,49.254
5523,49.2
5524,49.202
5525,49.198
5526,49.218
5527,49.122
5528,49.118
5529,49.134
5530,49.152
5531,49.154
5532,49.102
5533,49.102
5534,49.162
5535,49.16
5536,49.114
5537,49.108
5538,49.152
5539,49.154
5540,49.232
5541,49.302
5542,49.334
5543,49.314
5544,49.268
5545,49.248
5546,49.17
5547,49.212
5548,49.242
5549,49.202
5550,49.18
5551,49.146
5552,49.168
5553,49.11
5554,49.122
5555,49.122
5556,49.082
5557,49.056
5558,49.044
5559,49.008
5560,48.982
5561,49.052
5562,49.102
5563,49.094
5564,49.086
5565,49.152
5566,49.194
5567,49.158
5568,49.188
5569,49.212
5570,49.162
5571,49.15
5572,49.178
5573,49.178
5574,49.164
5575,49.106
5576,49.07
5577,49.068
5578,49.062
5579,49.056
5580,49.014
5581,49.09
5582,49.12
5583,49.132
5584,49.074
5585,49.134
5586,49.172
5587,49.176
5588,49.166
5589,49.13
5590,49.122
5591,49.162
5592,49.132
5593,49.15
5594,49.144
5595,49.188
5596,49.198
5597,49.172
5598,49.216
5599,49.142
5600,49.132
5601,49.142
5602,49.174
5603,49.122
5604,49.06
5605,49.094
5606,49.092
5607,49.076
5608,49.042
5609,49.078
5610,49.076
5611,49.012
5612,48.978
5613,49.03
5614,49.046
5615,49.068
5616,49.13
5617,49.194
5618,49.196
5619,49.164
5620,49.236
5621,49.184
5622,49.214
5623,49.266
5624,49.304
5625,49.386
5626,49.428
5627,49.414
5628,49.36
5629,49.352
5630,49.332
5631,49.292
5632,49.296
5633,49.284
5634,49.344
5635,49.352
5636,49.368
5637,49.346
5638,49.36
5639,49.336
5640,49.292
5641,49.342
5642,49.402
5643,49.368
5644,49.39
5645,49.432
5646,49.402
5647,49.394
5648,49.338
5649,49.398
5650,49.316
5651,49.386
5652,49.368
5653,49.422
5654,49.352
5655,49.364
5656,49.312
5657,49.296
5658,49.254
5659,49.278
5660,49.312
5661,49.284
5662,49.25
5663,49.248
5664,49.238
5665,49.194
5666,49.204
5667,49.158
5668,49.154
5669,49.138
5670,49.15
5671,49.188
5672,49.202
5673,49.112
5674,49.11
5675,49.088
5676,49.048
5677,49.06
5678,49.078
5679,49.052
5680,49.038
5681,49.04
5682,49.038
5683,49.016
5684,49.078
5685,49.058
5686,49.026
5687,49.046
5688,48.974
5689,48.982
5690,48.954
5691,48.91
5692,48.888
5693,48.898
5694,48.97
5695,48.968
5696,48.986
5697,48.978
5698,49.022
5699,48.998
5700,48.946
5701,49.052
5702,49.128
5703,49.056
5704,49.09
5705,49.088
5706,49.008
5707,48.942
5708,48.998
5709,48.978
5710,49.008
5711,48.92
5712,49.018
5713,49.09
5714,49.064
5715,49.102
5716,49.05
5717,49.13
5718,49.142
5719,49.07
5720,49.094
5721,49.158
5722,49.238
5723,49.148
5724,49.21
5725,49.226
5726,49.182
5727,49.204
5728,49.228
5729,49.236
5730,49.248
5731,49.248
5732,49.332
5733,49.388
5734,49.382
5735,49.422
5736,49.398
5737,49.404
5738,49.408
5739,49.448
5740,49.358
5741,49.42
5742,49.382
5743,49.388
5744,49.376
5745,49.42
5746,49.422
5747,49.44
5748,49.454
5749,49.43
5750,49.478
5751,49.492
5752,49.514
5753,49.452
5754,49.452
5755,49.388
5756,49.462
5757,49.42
5758,49.508
5759,49.432
5760,49.382
5761,49.362
5762,49.39
5763,49.434
5764,49.45
5765,49.482
5766,49.458
5767,49.378
5768,49.434
5769,49.376
5770,49.394
5771,49.27
5772,49.256
5773,49.308
5774,49.248
5775,49.278
5776,49.22
5777,49.172
5778,49.16
5779,49.196
5780,49.124
5781,49.068
5782,49.008
5783,49.008
5784,48.962
5785,48.95
5786,48.958
5787,49.006
5788,49.008
5789,49.064
5790,48.99
5791,49.016
5792,48.976
5793,48.964
5794,48.964
5795,49.028
5796,49.024
5797,48.996
5798,48.982
5799,48.912
5800,48.922
5801,48.882
5802,48.856
5803,48.854
5804,48.946
5805,49.01
5806,48.958
5807,48.956
5808,49.062
5809,49.024
5810,49.076
5811,49.078
5812,49.078
5813,49.072
5814,49.08
5815,49.036
5816,49.012
5817,49.056
5818,49.084
5819,49.068
5820,49.036
5821,48.986
5822,48.976
5823,49.016
5824,48.966
5825,48.996
5826,49.044
5827,48.96
5828,48.892
5829,48.854
5830,48.784
5831,48.804
5832,48.78
5833,48.802
5834,48.856
5835,48.862
5836,48.922
5837,48.938
5838,48.982
5839,49.042
5840,49.078
5841,49.064
5842,49.084
5843,49.126
5844,49.14
5845,49.06
5846,49.094
5847,49.148
5848,49.148
5849,49.126
5850,49.194
5851,49.16
5852,49.176
5853,49.144
5854,49.174
5855,49.13
5856,49.124
5857,49.17
5858,49.198
5859,49.21
5860,49.306
5861,49.282
5862,49.3
5863,49.262
5864,49.274
5865,49.278
5866,49.288
5867,49.288
5868,49.28
5869,49.242
5870,49.224
5871,49.234
5872,49.178
5873,49.128
5874,49.092
5875,49.04
5876,49.022
5877,48.99
5878,48.89
5879,48.936
5880,48.884
5881,48.952
5882,48.87
5883,48.782
5884,48.77
5885,48.808
5886,48.844
5887,48.812
5888,48.798
5889,48.754
5890,48.768
5891,48.742
5892,48.796
5893,48.83
5894,48.804
5895,48.764
5896,48.75
5897,48.742
5898,48.716
5899,48.71
5900,48.696
5901,48.726
5902,48.752
5903,48.7
5904,48.774
5905,48.698
5906,48.752
5907,48.792
5908,48.698
5909,48.674
5910,48.692
5911,48.798
5912,48.692
5913,48.646
5914,48.694
5915,48.66
5916,48.662
5917,48.666
5918,48.652
5919,48.7
5920,48.706
5921,48.756
5922,48.73
5923,48.706
5924,48.656
5925,48.654
5926,48.602
5927,48.578
5928,48.584
5929,48.542
5930,48.564
5931,48.578
5932,48.61
5933,48.6
5934,48.604
5935,48.642
5936,48.666
5937,48.69
5938,48.704
5939,48.714
5940,48.678
5941,48.742
5942,48.668
5943,48.654
5944,48.7
5945,48.814
5946,48.86
5947,48.872
5948,48.912
5949,48.884
5950,48.876
5951,48.852
5952,48.788
5953,48.74
5954,48.722
5955,48.712
5956,48.744
5957,48.726
5958,48.71
5959,48.752
5960,48.736
5961,48.828
5962,48.85
5963,48.852
5964,48.856
5965,48.826
5966,48.764
5967,48.74
5968,48.74
5969,48.752
5970,48.806
5971,48.804
5972,48.834
5973,48.844
5974,48.896
5975,48.87
5976,48.81
5977,48.812
5978,48.798
5979,48.86
5980,48.804
5981,48.85
5982,48.912
5983,48.862
5984,48.848
5985,48.784
5986,48.79
5987,48.858
5988,48.904
5989,48.93
5990,48.938
5991,48.952
5992,49.008
5993,48.966
5994,48.974
5995,48.942
5996,48.918
5997,48.964
5998,48.986
5999,49.074
6000,49.03
